N,Model,Coverage,Risk
5,RF,0.001,0.0
5,RF,0.01,0.0
5,RF,0.019,0.0
5,RF,0.028,0.0
5,RF,0.037,0.0
5,RF,0.046,0.0
5,RF,0.055,0.0
5,RF,0.064,0.0
5,RF,0.073,0.0
5,RF,0.082,0.0
5,RF,0.091,0.0
5,RF,0.1,0.0
5,RF,0.109,0.0
5,RF,0.118,0.0
5,RF,0.127,0.0
5,RF,0.136,0.0
5,RF,0.145,0.0
5,RF,0.154,0.0
5,RF,0.163,0.0061
5,RF,0.172,0.0058
5,RF,0.181,0.011
5,RF,0.19,0.0105
5,RF,0.199,0.0101
5,RF,0.208,0.0096
5,RF,0.217,0.0092
5,RF,0.226,0.0133
5,RF,0.235,0.0128
5,RF,0.244,0.0123
5,RF,0.253,0.0119
5,RF,0.262,0.0153
5,RF,0.271,0.0185
5,RF,0.28,0.0179
5,RF,0.289,0.0208
5,RF,0.298,0.0235
5,RF,0.307,0.0261
5,RF,0.316,0.0253
5,RF,0.325,0.0246
5,RF,0.334,0.0269
5,RF,0.343,0.0262
5,RF,0.352,0.0256
5,RF,0.361,0.0249
5,RF,0.37,0.0243
5,RF,0.379,0.0237
5,RF,0.388,0.0232
5,RF,0.397,0.0227
5,RF,0.406,0.0222
5,RF,0.415,0.0217
5,RF,0.424,0.0212
5,RF,0.433,0.0208
5,RF,0.442,0.0204
5,RF,0.451,0.0222
5,RF,0.46,0.0217
5,RF,0.469,0.0235
5,RF,0.478,0.023
5,RF,0.487,0.0246
5,RF,0.496,0.0262
5,RF,0.506,0.0257
5,RF,0.515,0.0272
5,RF,0.524,0.0268
5,RF,0.533,0.032
5,RF,0.542,0.0314
5,RF,0.551,0.0309
5,RF,0.56,0.0304
5,RF,0.569,0.0317
5,RF,0.578,0.0329
5,RF,0.587,0.0375
5,RF,0.596,0.0387
5,RF,0.605,0.0397
5,RF,0.614,0.0408
5,RF,0.623,0.0434
5,RF,0.632,0.0523
5,RF,0.641,0.0531
5,RF,0.65,0.0555
5,RF,0.659,0.0547
5,RF,0.668,0.057
5,RF,0.677,0.0577
5,RF,0.686,0.0613
5,RF,0.695,0.0634
5,RF,0.704,0.0669
5,RF,0.713,0.0688
5,RF,0.722,0.0707
5,RF,0.731,0.0753
5,RF,0.74,0.0785
5,RF,0.749,0.0789
5,RF,0.758,0.0819
5,RF,0.767,0.0862
5,RF,0.776,0.089
5,RF,0.785,0.0906
5,RF,0.794,0.0933
5,RF,0.803,0.0948
5,RF,0.812,0.0999
5,RF,0.821,0.1012
5,RF,0.83,0.1049
5,RF,0.839,0.1074
5,RF,0.848,0.111
5,RF,0.857,0.1157
5,RF,0.866,0.1179
5,RF,0.875,0.1213
5,RF,0.884,0.1268
5,RF,0.893,0.13
5,RF,0.902,0.1354
5,RF,0.911,0.1396
5,RF,0.92,0.1404
5,RF,0.929,0.1433
5,RF,0.938,0.143
5,RF,0.947,0.1448
5,RF,0.956,0.1476
5,RF,0.965,0.1515
5,RF,0.974,0.1572
5,RF,0.983,0.1599
5,RF,0.992,0.1625
5,HGB,0.001,0.0
5,HGB,0.01,0.0
5,HGB,0.019,0.0
5,HGB,0.028,0.0
5,HGB,0.037,0.0
5,HGB,0.046,0.0
5,HGB,0.055,0.0
5,HGB,0.064,0.0
5,HGB,0.073,0.0
5,HGB,0.082,0.0
5,HGB,0.091,0.011
5,HGB,0.1,0.01
5,HGB,0.109,0.0092
5,HGB,0.118,0.0085
5,HGB,0.127,0.0079
5,HGB,0.136,0.0147
5,HGB,0.145,0.0138
5,HGB,0.154,0.013
5,HGB,0.163,0.0184
5,HGB,0.172,0.0174
5,HGB,0.181,0.0166
5,HGB,0.19,0.0158
5,HGB,0.199,0.0151
5,HGB,0.208,0.0144
5,HGB,0.217,0.0184
5,HGB,0.226,0.0177
5,HGB,0.235,0.017
5,HGB,0.244,0.0164
5,HGB,0.253,0.0198
5,HGB,0.262,0.0191
5,HGB,0.271,0.0185
5,HGB,0.28,0.0214
5,HGB,0.289,0.0242
5,HGB,0.298,0.0235
5,HGB,0.307,0.0228
5,HGB,0.316,0.0222
5,HGB,0.325,0.0215
5,HGB,0.334,0.024
5,HGB,0.343,0.0233
5,HGB,0.352,0.0227
5,HGB,0.361,0.0222
5,HGB,0.37,0.0243
5,HGB,0.379,0.0264
5,HGB,0.388,0.0284
5,HGB,0.397,0.0302
5,HGB,0.406,0.0296
5,HGB,0.415,0.0313
5,HGB,0.424,0.033
5,HGB,0.433,0.0346
5,HGB,0.442,0.0339
5,HGB,0.451,0.0333
5,HGB,0.46,0.0348
5,HGB,0.469,0.0341
5,HGB,0.478,0.0356
5,HGB,0.487,0.037
5,HGB,0.496,0.0383
5,HGB,0.506,0.0396
5,HGB,0.515,0.0447
5,HGB,0.524,0.0459
5,HGB,0.533,0.047
5,HGB,0.542,0.0481
5,HGB,0.551,0.0509
5,HGB,0.56,0.0537
5,HGB,0.569,0.0546
5,HGB,0.578,0.0607
5,HGB,0.587,0.0666
5,HGB,0.596,0.0672
5,HGB,0.605,0.0679
5,HGB,0.614,0.0701
5,HGB,0.623,0.0707
5,HGB,0.632,0.0713
5,HGB,0.641,0.0719
5,HGB,0.65,0.074
5,HGB,0.659,0.0745
5,HGB,0.668,0.075
5,HGB,0.677,0.0769
5,HGB,0.686,0.0788
5,HGB,0.695,0.0793
5,HGB,0.704,0.0853
5,HGB,0.713,0.0871
5,HGB,0.722,0.0929
5,HGB,0.731,0.0945
5,HGB,0.74,0.1001
5,HGB,0.749,0.1016
5,HGB,0.758,0.1017
5,HGB,0.767,0.1031
5,HGB,0.776,0.1071
5,HGB,0.785,0.1135
5,HGB,0.794,0.1185
5,HGB,0.803,0.1197
5,HGB,0.812,0.1184
5,HGB,0.821,0.1195
5,HGB,0.83,0.1218
5,HGB,0.839,0.1241
5,HGB,0.848,0.1251
5,HGB,0.857,0.1273
5,HGB,0.866,0.1295
5,HGB,0.875,0.1293
5,HGB,0.884,0.1359
5,HGB,0.893,0.139
5,HGB,0.902,0.1398
5,HGB,0.911,0.1451
5,HGB,0.92,0.148
5,HGB,0.929,0.1519
5,HGB,0.938,0.1526
5,HGB,0.947,0.1533
5,HGB,0.956,0.155
5,HGB,0.965,0.1577
5,HGB,0.974,0.1593
5,HGB,0.983,0.1609
5,HGB,0.992,0.1635
5,XGB,0.001,0.0
5,XGB,0.01,0.0
5,XGB,0.019,0.0
5,XGB,0.028,0.0
5,XGB,0.037,0.0
5,XGB,0.046,0.0
5,XGB,0.055,0.0
5,XGB,0.064,0.0
5,XGB,0.073,0.0
5,XGB,0.082,0.0
5,XGB,0.091,0.0
5,XGB,0.1,0.01
5,XGB,0.109,0.0092
5,XGB,0.118,0.0085
5,XGB,0.127,0.0079
5,XGB,0.136,0.0074
5,XGB,0.145,0.0069
5,XGB,0.154,0.0065
5,XGB,0.163,0.0061
5,XGB,0.172,0.0058
5,XGB,0.181,0.0055
5,XGB,0.19,0.0105
5,XGB,0.199,0.0151
5,XGB,0.208,0.0144
5,XGB,0.217,0.0138
5,XGB,0.226,0.0133
5,XGB,0.235,0.017
5,XGB,0.244,0.0205
5,XGB,0.253,0.0237
5,XGB,0.262,0.0229
5,XGB,0.271,0.0221
5,XGB,0.28,0.0214
5,XGB,0.289,0.0208
5,XGB,0.298,0.0201
5,XGB,0.307,0.0195
5,XGB,0.316,0.019
5,XGB,0.325,0.0215
5,XGB,0.334,0.024
5,XGB,0.343,0.0233
5,XGB,0.352,0.0227
5,XGB,0.361,0.0222
5,XGB,0.37,0.0216
5,XGB,0.379,0.0211
5,XGB,0.388,0.0206
5,XGB,0.397,0.0202
5,XGB,0.406,0.0222
5,XGB,0.415,0.0217
5,XGB,0.424,0.0212
5,XGB,0.433,0.0208
5,XGB,0.442,0.0226
5,XGB,0.451,0.0244
5,XGB,0.46,0.0239
5,XGB,0.469,0.0256
5,XGB,0.478,0.0251
5,XGB,0.487,0.0246
5,XGB,0.496,0.0282
5,XGB,0.506,0.0277
5,XGB,0.515,0.0272
5,XGB,0.524,0.0268
5,XGB,0.533,0.032
5,XGB,0.542,0.0314
5,XGB,0.551,0.0345
5,XGB,0.56,0.0358
5,XGB,0.569,0.0352
5,XGB,0.578,0.0347
5,XGB,0.587,0.0358
5,XGB,0.596,0.037
5,XGB,0.605,0.0397
5,XGB,0.614,0.0424
5,XGB,0.623,0.0434
5,XGB,0.632,0.0475
5,XGB,0.641,0.0484
5,XGB,0.65,0.0508
5,XGB,0.659,0.0502
5,XGB,0.668,0.0525
5,XGB,0.677,0.0562
5,XGB,0.686,0.0613
5,XGB,0.695,0.0663
5,XGB,0.704,0.0697
5,XGB,0.713,0.0772
5,XGB,0.722,0.0818
5,XGB,0.731,0.0849
5,XGB,0.74,0.0853
5,XGB,0.749,0.0909
5,XGB,0.758,0.0938
5,XGB,0.767,0.0979
5,XGB,0.776,0.1006
5,XGB,0.785,0.102
5,XGB,0.794,0.1034
5,XGB,0.803,0.106
5,XGB,0.812,0.1085
5,XGB,0.821,0.1122
5,XGB,0.83,0.1158
5,XGB,0.839,0.1205
5,XGB,0.848,0.124
5,XGB,0.857,0.1297
5,XGB,0.866,0.1318
5,XGB,0.875,0.1327
5,XGB,0.884,0.1359
5,XGB,0.893,0.139
5,XGB,0.902,0.1432
5,XGB,0.911,0.1473
5,XGB,0.92,0.1502
5,XGB,0.929,0.1498
5,XGB,0.938,0.1515
5,XGB,0.947,0.1533
5,XGB,0.956,0.1529
5,XGB,0.965,0.1556
5,XGB,0.974,0.1593
5,XGB,0.983,0.1619
5,XGB,0.992,0.1645
5,Persistence,0.001,0.0
5,Persistence,0.01,0.0
5,Persistence,0.019,0.0
5,Persistence,0.028,0.0
5,Persistence,0.037,0.0
5,Persistence,0.046,0.0
5,Persistence,0.055,0.0
5,Persistence,0.064,0.0156
5,Persistence,0.073,0.0274
5,Persistence,0.082,0.0366
5,Persistence,0.091,0.033
5,Persistence,0.1,0.03
5,Persistence,0.109,0.0275
5,Persistence,0.118,0.0254
5,Persistence,0.127,0.0236
5,Persistence,0.136,0.0221
5,Persistence,0.145,0.0207
5,Persistence,0.154,0.0195
5,Persistence,0.163,0.0184
5,Persistence,0.172,0.0174
5,Persistence,0.181,0.0166
5,Persistence,0.19,0.0158
5,Persistence,0.199,0.0151
5,Persistence,0.208,0.024
5,Persistence,0.217,0.023
5,Persistence,0.226,0.0221
5,Persistence,0.235,0.0213
5,Persistence,0.244,0.0205
5,Persistence,0.253,0.0198
5,Persistence,0.262,0.0229
5,Persistence,0.271,0.0221
5,Persistence,0.28,0.0214
5,Persistence,0.289,0.0242
5,Persistence,0.298,0.0235
5,Persistence,0.307,0.0228
5,Persistence,0.316,0.0222
5,Persistence,0.325,0.0215
5,Persistence,0.334,0.021
5,Persistence,0.343,0.0233
5,Persistence,0.352,0.0227
5,Persistence,0.361,0.0222
5,Persistence,0.37,0.0243
5,Persistence,0.379,0.0237
5,Persistence,0.388,0.0232
5,Persistence,0.397,0.0252
5,Persistence,0.406,0.0271
5,Persistence,0.415,0.0313
5,Persistence,0.424,0.033
5,Persistence,0.433,0.0346
5,Persistence,0.442,0.0362
5,Persistence,0.451,0.0399
5,Persistence,0.46,0.0391
5,Persistence,0.469,0.0405
5,Persistence,0.478,0.0418
5,Persistence,0.487,0.0431
5,Persistence,0.496,0.0423
5,Persistence,0.506,0.0416
5,Persistence,0.515,0.0409
5,Persistence,0.524,0.044
5,Persistence,0.533,0.0451
5,Persistence,0.542,0.0481
5,Persistence,0.551,0.0509
5,Persistence,0.56,0.0537
5,Persistence,0.569,0.0546
5,Persistence,0.578,0.0555
5,Persistence,0.587,0.0563
5,Persistence,0.596,0.0605
5,Persistence,0.605,0.0613
5,Persistence,0.614,0.0636
5,Persistence,0.623,0.0643
5,Persistence,0.632,0.065
5,Persistence,0.641,0.0656
5,Persistence,0.65,0.0663
5,Persistence,0.659,0.0653
5,Persistence,0.668,0.066
5,Persistence,0.677,0.071
5,Persistence,0.686,0.073
5,Persistence,0.695,0.0749
5,Persistence,0.704,0.0768
5,Persistence,0.713,0.0801
5,Persistence,0.722,0.0818
5,Persistence,0.731,0.0836
5,Persistence,0.74,0.0853
5,Persistence,0.749,0.0842
5,Persistence,0.758,0.0845
5,Persistence,0.767,0.0888
5,Persistence,0.776,0.0916
5,Persistence,0.785,0.0906
5,Persistence,0.794,0.0946
5,Persistence,0.803,0.0985
5,Persistence,0.812,0.0974
5,Persistence,0.821,0.0988
5,Persistence,0.83,0.0977
5,Persistence,0.839,0.1026
5,Persistence,0.848,0.1051
5,Persistence,0.857,0.1063
5,Persistence,0.866,0.111
5,Persistence,0.875,0.1121
5,Persistence,0.884,0.1144
5,Persistence,0.893,0.1166
5,Persistence,0.902,0.1188
5,Persistence,0.911,0.1231
5,Persistence,0.92,0.1284
5,Persistence,0.929,0.1336
5,Persistence,0.938,0.1366
5,Persistence,0.947,0.1416
5,Persistence,0.956,0.1466
5,Persistence,0.965,0.1515
5,Persistence,0.974,0.1542
5,Persistence,0.983,0.1578
5,Persistence,0.992,0.1615
10,RF,0.001,0.0
10,RF,0.01,0.0
10,RF,0.019,0.0
10,RF,0.028,0.0
10,RF,0.037,0.0
10,RF,0.046,0.0217
10,RF,0.055,0.0182
10,RF,0.064,0.0156
10,RF,0.073,0.0274
10,RF,0.082,0.0488
10,RF,0.091,0.044
10,RF,0.1,0.04
10,RF,0.109,0.0367
10,RF,0.118,0.0339
10,RF,0.127,0.0315
10,RF,0.136,0.0294
10,RF,0.145,0.0345
10,RF,0.154,0.0325
10,RF,0.163,0.0307
10,RF,0.172,0.0291
10,RF,0.181,0.0276
10,RF,0.19,0.0263
10,RF,0.199,0.0251
10,RF,0.208,0.024
10,RF,0.217,0.023
10,RF,0.226,0.0221
10,RF,0.235,0.0213
10,RF,0.244,0.0205
10,RF,0.254,0.0277
10,RF,0.263,0.0267
10,RF,0.272,0.0258
10,RF,0.281,0.025
10,RF,0.29,0.0242
10,RF,0.299,0.0268
10,RF,0.308,0.0293
10,RF,0.317,0.0316
10,RF,0.326,0.0308
10,RF,0.335,0.0299
10,RF,0.344,0.035
10,RF,0.353,0.0341
10,RF,0.362,0.036
10,RF,0.371,0.0351
10,RF,0.38,0.0343
10,RF,0.389,0.0361
10,RF,0.398,0.0378
10,RF,0.407,0.0394
10,RF,0.416,0.041
10,RF,0.425,0.0519
10,RF,0.434,0.0554
10,RF,0.443,0.0588
10,RF,0.452,0.0599
10,RF,0.461,0.0587
10,RF,0.47,0.0618
10,RF,0.479,0.0628
10,RF,0.488,0.0637
10,RF,0.497,0.0665
10,RF,0.506,0.0673
10,RF,0.515,0.0681
10,RF,0.524,0.0688
10,RF,0.533,0.0771
10,RF,0.542,0.0795
10,RF,0.551,0.0818
10,RF,0.56,0.0841
10,RF,0.569,0.0827
10,RF,0.578,0.0884
10,RF,0.587,0.0939
10,RF,0.596,0.0958
10,RF,0.605,0.101
10,RF,0.614,0.1044
10,RF,0.623,0.1045
10,RF,0.632,0.1062
10,RF,0.641,0.1062
10,RF,0.65,0.1094
10,RF,0.659,0.1185
10,RF,0.668,0.1184
10,RF,0.677,0.1183
10,RF,0.686,0.1212
10,RF,0.695,0.1225
10,RF,0.704,0.1266
10,RF,0.713,0.1278
10,RF,0.722,0.1262
10,RF,0.731,0.1288
10,RF,0.74,0.1286
10,RF,0.749,0.1283
10,RF,0.759,0.1308
10,RF,0.768,0.1332
10,RF,0.777,0.1329
10,RF,0.786,0.1378
10,RF,0.795,0.1375
10,RF,0.804,0.1397
10,RF,0.813,0.143
10,RF,0.822,0.1463
10,RF,0.831,0.152
10,RF,0.84,0.1527
10,RF,0.849,0.1558
10,RF,0.858,0.16
10,RF,0.867,0.1642
10,RF,0.876,0.1648
10,RF,0.885,0.1665
10,RF,0.894,0.1704
10,RF,0.903,0.1709
10,RF,0.912,0.1747
10,RF,0.921,0.1774
10,RF,0.93,0.1789
10,RF,0.939,0.1836
10,RF,0.948,0.1903
10,RF,0.957,0.1927
10,RF,0.966,0.1992
10,RF,0.975,0.2025
10,RF,0.984,0.2047
10,RF,0.993,0.2048
10,HGB,0.001,0.0
10,HGB,0.01,0.0
10,HGB,0.019,0.0
10,HGB,0.028,0.0
10,HGB,0.037,0.0
10,HGB,0.046,0.0
10,HGB,0.055,0.0
10,HGB,0.064,0.0
10,HGB,0.073,0.0
10,HGB,0.082,0.0122
10,HGB,0.091,0.022
10,HGB,0.1,0.02
10,HGB,0.109,0.0183
10,HGB,0.118,0.0169
10,HGB,0.127,0.0236
10,HGB,0.136,0.0221
10,HGB,0.145,0.0207
10,HGB,0.154,0.026
10,HGB,0.163,0.0245
10,HGB,0.172,0.0233
10,HGB,0.181,0.0221
10,HGB,0.19,0.0263
10,HGB,0.199,0.0251
10,HGB,0.208,0.0288
10,HGB,0.217,0.0276
10,HGB,0.226,0.0265
10,HGB,0.235,0.0255
10,HGB,0.244,0.0287
10,HGB,0.254,0.0316
10,HGB,0.263,0.0305
10,HGB,0.272,0.0332
10,HGB,0.281,0.0429
10,HGB,0.29,0.0519
10,HGB,0.299,0.0503
10,HGB,0.308,0.0521
10,HGB,0.317,0.0506
10,HGB,0.326,0.0492
10,HGB,0.335,0.0479
10,HGB,0.344,0.0466
10,HGB,0.353,0.0511
10,HGB,0.362,0.0526
10,HGB,0.371,0.0541
10,HGB,0.38,0.0554
10,HGB,0.389,0.0541
10,HGB,0.398,0.0529
10,HGB,0.407,0.0517
10,HGB,0.416,0.0506
10,HGB,0.425,0.0542
10,HGB,0.434,0.0531
10,HGB,0.443,0.0588
10,HGB,0.452,0.0599
10,HGB,0.461,0.0609
10,HGB,0.47,0.0618
10,HGB,0.479,0.0607
10,HGB,0.488,0.0657
10,HGB,0.497,0.0665
10,HGB,0.506,0.0673
10,HGB,0.515,0.0681
10,HGB,0.524,0.0746
10,HGB,0.533,0.0789
10,HGB,0.542,0.0795
10,HGB,0.551,0.08
10,HGB,0.56,0.0787
10,HGB,0.569,0.0775
10,HGB,0.578,0.0763
10,HGB,0.587,0.0751
10,HGB,0.596,0.0739
10,HGB,0.605,0.0762
10,HGB,0.614,0.0816
10,HGB,0.623,0.082
10,HGB,0.632,0.0824
10,HGB,0.641,0.0844
10,HGB,0.65,0.0878
10,HGB,0.659,0.0912
10,HGB,0.668,0.093
10,HGB,0.677,0.0947
10,HGB,0.686,0.0993
10,HGB,0.695,0.0994
10,HGB,0.704,0.1024
10,HGB,0.713,0.1081
10,HGB,0.722,0.1096
10,HGB,0.731,0.111
10,HGB,0.74,0.1177
10,HGB,0.749,0.119
10,HGB,0.759,0.1202
10,HGB,0.768,0.1266
10,HGB,0.777,0.1316
10,HGB,0.786,0.139
10,HGB,0.795,0.1438
10,HGB,0.804,0.1459
10,HGB,0.813,0.1455
10,HGB,0.822,0.1463
10,HGB,0.831,0.1496
10,HGB,0.84,0.1527
10,HGB,0.849,0.1594
10,HGB,0.858,0.1612
10,HGB,0.867,0.163
10,HGB,0.876,0.1636
10,HGB,0.885,0.1653
10,HGB,0.894,0.1704
10,HGB,0.903,0.1743
10,HGB,0.912,0.1769
10,HGB,0.921,0.1795
10,HGB,0.93,0.1832
10,HGB,0.939,0.1868
10,HGB,0.948,0.1903
10,HGB,0.957,0.1937
10,HGB,0.966,0.1971
10,HGB,0.975,0.2004
10,HGB,0.984,0.2037
10,HGB,0.993,0.2069
10,XGB,0.001,0.0
10,XGB,0.01,0.0
10,XGB,0.019,0.0
10,XGB,0.028,0.0
10,XGB,0.037,0.027
10,XGB,0.046,0.0435
10,XGB,0.055,0.0364
10,XGB,0.064,0.0312
10,XGB,0.073,0.0274
10,XGB,0.082,0.0244
10,XGB,0.091,0.022
10,XGB,0.1,0.02
10,XGB,0.109,0.0183
10,XGB,0.118,0.0169
10,XGB,0.127,0.0157
10,XGB,0.136,0.0221
10,XGB,0.145,0.0345
10,XGB,0.154,0.0455
10,XGB,0.163,0.0429
10,XGB,0.172,0.0407
10,XGB,0.181,0.0387
10,XGB,0.19,0.0368
10,XGB,0.199,0.0352
10,XGB,0.208,0.0433
10,XGB,0.217,0.0461
10,XGB,0.226,0.0487
10,XGB,0.235,0.0468
10,XGB,0.244,0.0533
10,XGB,0.254,0.0514
10,XGB,0.263,0.0573
10,XGB,0.272,0.0554
10,XGB,0.281,0.0536
10,XGB,0.29,0.0519
10,XGB,0.299,0.0503
10,XGB,0.308,0.0521
10,XGB,0.317,0.0538
10,XGB,0.326,0.0585
10,XGB,0.335,0.0569
10,XGB,0.344,0.0583
10,XGB,0.353,0.0597
10,XGB,0.362,0.0582
10,XGB,0.371,0.0595
10,XGB,0.38,0.058
10,XGB,0.389,0.0567
10,XGB,0.398,0.0605
10,XGB,0.407,0.064
10,XGB,0.416,0.0651
10,XGB,0.425,0.0637
10,XGB,0.434,0.0624
10,XGB,0.443,0.0611
10,XGB,0.452,0.0621
10,XGB,0.461,0.0652
10,XGB,0.47,0.064
10,XGB,0.479,0.0628
10,XGB,0.488,0.0657
10,XGB,0.497,0.0685
10,XGB,0.506,0.0673
10,XGB,0.515,0.07
10,XGB,0.524,0.0727
10,XGB,0.533,0.0752
10,XGB,0.542,0.0758
10,XGB,0.551,0.0782
10,XGB,0.56,0.0769
10,XGB,0.569,0.0775
10,XGB,0.578,0.078
10,XGB,0.587,0.0785
10,XGB,0.596,0.0824
10,XGB,0.605,0.0844
10,XGB,0.614,0.0865
10,XGB,0.623,0.09
10,XGB,0.632,0.0887
10,XGB,0.641,0.0922
10,XGB,0.65,0.0971
10,XGB,0.659,0.1003
10,XGB,0.668,0.1019
10,XGB,0.677,0.1036
10,XGB,0.686,0.108
10,XGB,0.695,0.1095
10,XGB,0.704,0.1124
10,XGB,0.713,0.1152
10,XGB,0.722,0.1179
10,XGB,0.731,0.1219
10,XGB,0.74,0.1204
10,XGB,0.749,0.119
10,XGB,0.759,0.1202
10,XGB,0.768,0.1279
10,XGB,0.777,0.1329
10,XGB,0.786,0.1352
10,XGB,0.795,0.1375
10,XGB,0.804,0.1434
10,XGB,0.813,0.148
10,XGB,0.822,0.1524
10,XGB,0.831,0.1532
10,XGB,0.84,0.1551
10,XGB,0.849,0.1582
10,XGB,0.858,0.1624
10,XGB,0.867,0.1653
10,XGB,0.876,0.1716
10,XGB,0.885,0.1733
10,XGB,0.894,0.1749
10,XGB,0.903,0.1754
10,XGB,0.912,0.178
10,XGB,0.921,0.1828
10,XGB,0.93,0.1843
10,XGB,0.939,0.19
10,XGB,0.948,0.1956
10,XGB,0.957,0.1979
10,XGB,0.966,0.2023
10,XGB,0.975,0.2045
10,XGB,0.984,0.2088
10,XGB,0.993,0.2079
10,Persistence,0.001,0.0
10,Persistence,0.01,0.1
10,Persistence,0.019,0.0526
10,Persistence,0.028,0.1071
10,Persistence,0.037,0.0811
10,Persistence,0.046,0.0652
10,Persistence,0.055,0.0545
10,Persistence,0.064,0.0625
10,Persistence,0.073,0.0685
10,Persistence,0.082,0.0854
10,Persistence,0.091,0.0769
10,Persistence,0.1,0.08
10,Persistence,0.109,0.0734
10,Persistence,0.118,0.0678
10,Persistence,0.127,0.063
10,Persistence,0.136,0.0588
10,Persistence,0.145,0.0552
10,Persistence,0.154,0.0584
10,Persistence,0.163,0.0552
10,Persistence,0.172,0.0523
10,Persistence,0.181,0.0497
10,Persistence,0.19,0.0474
10,Persistence,0.199,0.0503
10,Persistence,0.208,0.0529
10,Persistence,0.217,0.0553
10,Persistence,0.226,0.0531
10,Persistence,0.235,0.0511
10,Persistence,0.244,0.0492
10,Persistence,0.254,0.0514
10,Persistence,0.263,0.0496
10,Persistence,0.272,0.048
10,Persistence,0.281,0.0464
10,Persistence,0.29,0.0484
10,Persistence,0.299,0.047
10,Persistence,0.308,0.0456
10,Persistence,0.317,0.0443
10,Persistence,0.326,0.0462
10,Persistence,0.335,0.0479
10,Persistence,0.344,0.0525
10,Persistence,0.353,0.0568
10,Persistence,0.362,0.0582
10,Persistence,0.371,0.0649
10,Persistence,0.38,0.0633
10,Persistence,0.389,0.0619
10,Persistence,0.398,0.063
10,Persistence,0.407,0.0616
10,Persistence,0.416,0.0699
10,Persistence,0.425,0.0755
10,Persistence,0.434,0.0808
10,Persistence,0.443,0.0837
10,Persistence,0.452,0.0843
10,Persistence,0.461,0.0848
10,Persistence,0.47,0.0853
10,Persistence,0.479,0.09
10,Persistence,0.488,0.0945
10,Persistence,0.497,0.0968
10,Persistence,0.506,0.095
10,Persistence,0.515,0.1012
10,Persistence,0.524,0.1013
10,Persistence,0.533,0.1015
10,Persistence,0.542,0.1091
10,Persistence,0.551,0.1109
10,Persistence,0.56,0.1127
10,Persistence,0.569,0.1109
10,Persistence,0.578,0.1109
10,Persistence,0.587,0.116
10,Persistence,0.596,0.1193
10,Persistence,0.605,0.1192
10,Persistence,0.614,0.1191
10,Persistence,0.623,0.119
10,Persistence,0.632,0.122
10,Persistence,0.641,0.1219
10,Persistence,0.65,0.1217
10,Persistence,0.659,0.1261
10,Persistence,0.668,0.1244
10,Persistence,0.677,0.1228
10,Persistence,0.686,0.1241
10,Persistence,0.695,0.1254
10,Persistence,0.704,0.1266
10,Persistence,0.713,0.1306
10,Persistence,0.722,0.1318
10,Persistence,0.731,0.1356
10,Persistence,0.74,0.1353
10,Persistence,0.749,0.135
10,Persistence,0.759,0.1347
10,Persistence,0.768,0.1384
10,Persistence,0.777,0.1419
10,Persistence,0.786,0.1429
10,Persistence,0.795,0.145
10,Persistence,0.804,0.1484
10,Persistence,0.813,0.148
10,Persistence,0.822,0.1537
10,Persistence,0.831,0.1568
10,Persistence,0.84,0.1611
10,Persistence,0.849,0.1641
10,Persistence,0.858,0.1659
10,Persistence,0.867,0.1676
10,Persistence,0.876,0.1682
10,Persistence,0.885,0.171
10,Persistence,0.894,0.1738
10,Persistence,0.903,0.1765
10,Persistence,0.912,0.1769
10,Persistence,0.921,0.1795
10,Persistence,0.93,0.1832
10,Persistence,0.939,0.1857
10,Persistence,0.948,0.1892
10,Persistence,0.957,0.1948
10,Persistence,0.966,0.2002
10,Persistence,0.975,0.2025
10,Persistence,0.984,0.2037
10,Persistence,0.993,0.2089
15,RF,0.001,0.0
15,RF,0.01,0.0
15,RF,0.019,0.0
15,RF,0.028,0.0
15,RF,0.037,0.0
15,RF,0.046,0.0652
15,RF,0.055,0.0909
15,RF,0.064,0.0938
15,RF,0.073,0.0822
15,RF,0.082,0.0732
15,RF,0.091,0.0659
15,RF,0.1,0.06
15,RF,0.109,0.055
15,RF,0.118,0.0508
15,RF,0.127,0.0472
15,RF,0.136,0.0441
15,RF,0.145,0.0483
15,RF,0.154,0.0455
15,RF,0.163,0.0429
15,RF,0.173,0.0465
15,RF,0.182,0.0442
15,RF,0.191,0.0421
15,RF,0.2,0.0402
15,RF,0.209,0.0385
15,RF,0.218,0.0461
15,RF,0.227,0.0442
15,RF,0.236,0.0426
15,RF,0.245,0.0451
15,RF,0.254,0.0435
15,RF,0.263,0.0458
15,RF,0.272,0.0443
15,RF,0.281,0.0464
15,RF,0.29,0.0519
15,RF,0.299,0.057
15,RF,0.308,0.0586
15,RF,0.317,0.057
15,RF,0.326,0.0585
15,RF,0.335,0.0569
15,RF,0.344,0.0583
15,RF,0.353,0.0653
15,RF,0.362,0.0637
15,RF,0.371,0.0703
15,RF,0.38,0.0765
15,RF,0.389,0.0773
15,RF,0.398,0.0806
15,RF,0.407,0.0788
15,RF,0.416,0.0819
15,RF,0.425,0.0849
15,RF,0.434,0.0855
15,RF,0.443,0.0837
15,RF,0.452,0.082
15,RF,0.461,0.0848
15,RF,0.47,0.0853
15,RF,0.479,0.09
15,RF,0.488,0.0903
15,RF,0.497,0.0907
15,RF,0.507,0.095
15,RF,0.516,0.0992
15,RF,0.525,0.109
15,RF,0.534,0.1071
15,RF,0.543,0.1091
15,RF,0.552,0.1145
15,RF,0.561,0.1181
15,RF,0.57,0.118
15,RF,0.579,0.1179
15,RF,0.588,0.116
15,RF,0.597,0.1193
15,RF,0.606,0.1175
15,RF,0.615,0.1207
15,RF,0.624,0.1254
15,RF,0.633,0.1284
15,RF,0.642,0.1359
15,RF,0.651,0.1387
15,RF,0.66,0.1383
15,RF,0.669,0.1394
15,RF,0.678,0.1391
15,RF,0.687,0.1416
15,RF,0.696,0.1441
15,RF,0.705,0.1451
15,RF,0.714,0.1447
15,RF,0.723,0.147
15,RF,0.732,0.1521
15,RF,0.741,0.1543
15,RF,0.75,0.1578
15,RF,0.759,0.1598
15,RF,0.768,0.1632
15,RF,0.777,0.1626
15,RF,0.786,0.162
15,RF,0.795,0.1627
15,RF,0.804,0.1658
15,RF,0.813,0.164
15,RF,0.822,0.1634
15,RF,0.831,0.1665
15,RF,0.841,0.1683
15,RF,0.85,0.1724
15,RF,0.859,0.1776
15,RF,0.868,0.1815
15,RF,0.877,0.1854
15,RF,0.886,0.188
15,RF,0.895,0.1917
15,RF,0.904,0.1931
15,RF,0.913,0.1945
15,RF,0.922,0.1959
15,RF,0.931,0.1983
15,RF,0.94,0.2017
15,RF,0.949,0.204
15,RF,0.958,0.2094
15,RF,0.967,0.2137
15,RF,0.976,0.2158
15,RF,0.985,0.2179
15,RF,0.994,0.221
15,HGB,0.001,0.0
15,HGB,0.01,0.1
15,HGB,0.019,0.1053
15,HGB,0.028,0.0714
15,HGB,0.037,0.0541
15,HGB,0.046,0.0435
15,HGB,0.055,0.0909
15,HGB,0.064,0.1094
15,HGB,0.073,0.1096
15,HGB,0.082,0.0976
15,HGB,0.091,0.1099
15,HGB,0.1,0.11
15,HGB,0.109,0.1009
15,HGB,0.118,0.0932
15,HGB,0.127,0.0866
15,HGB,0.136,0.1029
15,HGB,0.145,0.0966
15,HGB,0.154,0.0974
15,HGB,0.163,0.092
15,HGB,0.173,0.0988
15,HGB,0.182,0.0939
15,HGB,0.191,0.0895
15,HGB,0.2,0.0905
15,HGB,0.209,0.101
15,HGB,0.218,0.0968
15,HGB,0.227,0.0929
15,HGB,0.236,0.0894
15,HGB,0.245,0.0861
15,HGB,0.254,0.083
15,HGB,0.263,0.0802
15,HGB,0.272,0.0775
15,HGB,0.281,0.075
15,HGB,0.29,0.0727
15,HGB,0.299,0.0738
15,HGB,0.308,0.0749
15,HGB,0.317,0.0728
15,HGB,0.326,0.0738
15,HGB,0.335,0.0749
15,HGB,0.344,0.0787
15,HGB,0.353,0.0824
15,HGB,0.362,0.0831
15,HGB,0.371,0.0811
15,HGB,0.38,0.0818
15,HGB,0.389,0.0799
15,HGB,0.398,0.0806
15,HGB,0.407,0.0788
15,HGB,0.416,0.0795
15,HGB,0.425,0.0778
15,HGB,0.434,0.0762
15,HGB,0.443,0.0769
15,HGB,0.452,0.082
15,HGB,0.461,0.0826
15,HGB,0.47,0.0832
15,HGB,0.479,0.0858
15,HGB,0.488,0.0903
15,HGB,0.497,0.0927
15,HGB,0.507,0.099
15,HGB,0.516,0.0992
15,HGB,0.525,0.1071
15,HGB,0.534,0.1128
15,HGB,0.543,0.1109
15,HGB,0.552,0.1164
15,HGB,0.561,0.1163
15,HGB,0.57,0.1162
15,HGB,0.579,0.1196
15,HGB,0.588,0.1246
15,HGB,0.597,0.1244
15,HGB,0.606,0.1258
15,HGB,0.615,0.1305
15,HGB,0.624,0.1318
15,HGB,0.633,0.1331
15,HGB,0.642,0.1359
15,HGB,0.651,0.1387
15,HGB,0.66,0.1429
15,HGB,0.669,0.1484
15,HGB,0.678,0.1494
15,HGB,0.687,0.1504
15,HGB,0.696,0.1542
15,HGB,0.705,0.1579
15,HGB,0.714,0.1601
15,HGB,0.723,0.1595
15,HGB,0.732,0.1616
15,HGB,0.741,0.161
15,HGB,0.75,0.1644
15,HGB,0.759,0.1664
15,HGB,0.768,0.1671
15,HGB,0.777,0.1716
15,HGB,0.786,0.1722
15,HGB,0.795,0.1728
15,HGB,0.804,0.1746
15,HGB,0.813,0.1763
15,HGB,0.822,0.1756
15,HGB,0.831,0.1773
15,HGB,0.841,0.179
15,HGB,0.85,0.1771
15,HGB,0.859,0.1822
15,HGB,0.868,0.1815
15,HGB,0.877,0.1842
15,HGB,0.886,0.1869
15,HGB,0.895,0.1861
15,HGB,0.904,0.1898
15,HGB,0.913,0.1912
15,HGB,0.922,0.1959
15,HGB,0.931,0.2004
15,HGB,0.94,0.2017
15,HGB,0.949,0.203
15,HGB,0.958,0.2042
15,HGB,0.967,0.2075
15,HGB,0.976,0.2086
15,HGB,0.985,0.2118
15,HGB,0.994,0.2149
15,XGB,0.001,1.0
15,XGB,0.01,0.3
15,XGB,0.019,0.1579
15,XGB,0.028,0.1071
15,XGB,0.037,0.0811
15,XGB,0.046,0.1087
15,XGB,0.055,0.0909
15,XGB,0.064,0.0781
15,XGB,0.073,0.0685
15,XGB,0.082,0.061
15,XGB,0.091,0.0549
15,XGB,0.1,0.05
15,XGB,0.109,0.0642
15,XGB,0.118,0.0593
15,XGB,0.127,0.0551
15,XGB,0.136,0.0515
15,XGB,0.145,0.0483
15,XGB,0.154,0.0519
15,XGB,0.163,0.0675
15,XGB,0.173,0.064
15,XGB,0.182,0.0608
15,XGB,0.191,0.0579
15,XGB,0.2,0.0603
15,XGB,0.209,0.0577
15,XGB,0.218,0.0645
15,XGB,0.227,0.0664
15,XGB,0.236,0.0638
15,XGB,0.245,0.0656
15,XGB,0.254,0.0632
15,XGB,0.263,0.0725
15,XGB,0.272,0.0775
15,XGB,0.281,0.0786
15,XGB,0.29,0.0796
15,XGB,0.299,0.0839
15,XGB,0.308,0.0814
15,XGB,0.317,0.0823
15,XGB,0.326,0.08
15,XGB,0.335,0.0778
15,XGB,0.344,0.0787
15,XGB,0.353,0.0767
15,XGB,0.362,0.0776
15,XGB,0.371,0.0784
15,XGB,0.38,0.0792
15,XGB,0.389,0.0773
15,XGB,0.398,0.0756
15,XGB,0.407,0.0739
15,XGB,0.416,0.0747
15,XGB,0.425,0.0802
15,XGB,0.434,0.0808
15,XGB,0.443,0.0882
15,XGB,0.452,0.0931
15,XGB,0.461,0.0935
15,XGB,0.47,0.0938
15,XGB,0.479,0.0962
15,XGB,0.488,0.0965
15,XGB,0.497,0.0988
15,XGB,0.507,0.1089
15,XGB,0.516,0.1089
15,XGB,0.525,0.109
15,XGB,0.534,0.1109
15,XGB,0.543,0.1091
15,XGB,0.552,0.1164
15,XGB,0.561,0.1163
15,XGB,0.57,0.1215
15,XGB,0.579,0.1231
15,XGB,0.588,0.1263
15,XGB,0.597,0.1294
15,XGB,0.606,0.1358
15,XGB,0.615,0.1387
15,XGB,0.624,0.1431
15,XGB,0.633,0.149
15,XGB,0.642,0.15
15,XGB,0.651,0.1541
15,XGB,0.66,0.155
15,XGB,0.669,0.1574
15,XGB,0.678,0.1583
15,XGB,0.687,0.1606
15,XGB,0.696,0.1643
15,XGB,0.705,0.1636
15,XGB,0.714,0.1629
15,XGB,0.723,0.165
15,XGB,0.732,0.1699
15,XGB,0.741,0.1746
15,XGB,0.75,0.1765
15,XGB,0.759,0.1783
15,XGB,0.768,0.1802
15,XGB,0.777,0.1819
15,XGB,0.786,0.1849
15,XGB,0.795,0.1841
15,XGB,0.804,0.1833
15,XGB,0.813,0.1837
15,XGB,0.822,0.1866
15,XGB,0.831,0.1906
15,XGB,0.841,0.1921
15,XGB,0.85,0.196
15,XGB,0.859,0.1986
15,XGB,0.868,0.2023
15,XGB,0.877,0.2059
15,XGB,0.886,0.2095
15,XGB,0.895,0.2119
15,XGB,0.904,0.2098
15,XGB,0.913,0.2121
15,XGB,0.922,0.2155
15,XGB,0.931,0.2188
15,XGB,0.94,0.2209
15,XGB,0.949,0.2241
15,XGB,0.958,0.2251
15,XGB,0.967,0.2272
15,XGB,0.976,0.2271
15,XGB,0.985,0.2291
15,XGB,0.994,0.2341
15,Persistence,0.001,0.0
15,Persistence,0.01,0.2
15,Persistence,0.019,0.1053
15,Persistence,0.028,0.1071
15,Persistence,0.037,0.1351
15,Persistence,0.046,0.1087
15,Persistence,0.055,0.1091
15,Persistence,0.064,0.0938
15,Persistence,0.073,0.0959
15,Persistence,0.082,0.1098
15,Persistence,0.091,0.1099
15,Persistence,0.1,0.1
15,Persistence,0.109,0.1009
15,Persistence,0.118,0.0932
15,Persistence,0.127,0.0866
15,Persistence,0.136,0.0809
15,Persistence,0.145,0.0759
15,Persistence,0.154,0.0779
15,Persistence,0.163,0.0798
15,Persistence,0.173,0.0814
15,Persistence,0.182,0.0829
15,Persistence,0.191,0.0789
15,Persistence,0.2,0.0754
15,Persistence,0.209,0.0817
15,Persistence,0.218,0.0829
15,Persistence,0.227,0.0841
15,Persistence,0.236,0.0809
15,Persistence,0.245,0.0779
15,Persistence,0.254,0.083
15,Persistence,0.263,0.084
15,Persistence,0.272,0.0812
15,Persistence,0.281,0.0857
15,Persistence,0.29,0.083
15,Persistence,0.299,0.0839
15,Persistence,0.308,0.0814
15,Persistence,0.317,0.0791
15,Persistence,0.326,0.08
15,Persistence,0.335,0.0808
15,Persistence,0.344,0.0845
15,Persistence,0.353,0.0824
15,Persistence,0.362,0.0859
15,Persistence,0.371,0.0865
15,Persistence,0.38,0.0897
15,Persistence,0.389,0.0876
15,Persistence,0.398,0.0856
15,Persistence,0.407,0.0911
15,Persistence,0.416,0.0988
15,Persistence,0.425,0.1038
15,Persistence,0.434,0.1039
15,Persistence,0.443,0.1063
15,Persistence,0.452,0.1064
15,Persistence,0.461,0.1087
15,Persistence,0.47,0.1087
15,Persistence,0.479,0.113
15,Persistence,0.488,0.117
15,Persistence,0.497,0.121
15,Persistence,0.507,0.1208
15,Persistence,0.516,0.1206
15,Persistence,0.525,0.1224
15,Persistence,0.534,0.1278
15,Persistence,0.543,0.1294
15,Persistence,0.552,0.1327
15,Persistence,0.561,0.1324
15,Persistence,0.57,0.1356
15,Persistence,0.579,0.1386
15,Persistence,0.588,0.1399
15,Persistence,0.597,0.1429
15,Persistence,0.606,0.144
15,Persistence,0.615,0.1436
15,Persistence,0.624,0.1431
15,Persistence,0.633,0.1442
15,Persistence,0.642,0.1453
15,Persistence,0.651,0.1464
15,Persistence,0.66,0.1474
15,Persistence,0.669,0.1469
15,Persistence,0.678,0.1464
15,Persistence,0.687,0.146
15,Persistence,0.696,0.1499
15,Persistence,0.705,0.155
15,Persistence,0.714,0.1573
15,Persistence,0.723,0.1609
15,Persistence,0.732,0.1616
15,Persistence,0.741,0.1637
15,Persistence,0.75,0.1658
15,Persistence,0.759,0.1651
15,Persistence,0.768,0.1671
15,Persistence,0.777,0.1716
15,Persistence,0.786,0.1709
15,Persistence,0.795,0.1753
15,Persistence,0.804,0.1796
15,Persistence,0.813,0.1776
15,Persistence,0.822,0.1817
15,Persistence,0.831,0.1834
15,Persistence,0.841,0.1874
15,Persistence,0.85,0.1877
15,Persistence,0.859,0.1893
15,Persistence,0.868,0.1908
15,Persistence,0.877,0.1922
15,Persistence,0.886,0.1914
15,Persistence,0.895,0.1906
15,Persistence,0.904,0.192
15,Persistence,0.913,0.1934
15,Persistence,0.922,0.197
15,Persistence,0.931,0.1983
15,Persistence,0.94,0.2017
15,Persistence,0.949,0.204
15,Persistence,0.958,0.2073
15,Persistence,0.967,0.2106
15,Persistence,0.976,0.2127
15,Persistence,0.985,0.2149
15,Persistence,0.994,0.221
20,RF,0.001,0.0
20,RF,0.01,0.0
20,RF,0.019,0.0
20,RF,0.028,0.0
20,RF,0.037,0.0
20,RF,0.046,0.0
20,RF,0.055,0.0
20,RF,0.064,0.0
20,RF,0.073,0.0
20,RF,0.082,0.0
20,RF,0.091,0.0
20,RF,0.1,0.0
20,RF,0.109,0.0275
20,RF,0.118,0.0424
20,RF,0.128,0.063
20,RF,0.137,0.0735
20,RF,0.146,0.069
20,RF,0.155,0.1039
20,RF,0.164,0.0982
20,RF,0.173,0.093
20,RF,0.182,0.0884
20,RF,0.191,0.0842
20,RF,0.2,0.0804
20,RF,0.209,0.0769
20,RF,0.218,0.0737
20,RF,0.227,0.0708
20,RF,0.236,0.0681
20,RF,0.245,0.0656
20,RF,0.254,0.0672
20,RF,0.263,0.0649
20,RF,0.272,0.0738
20,RF,0.281,0.0714
20,RF,0.29,0.0692
20,RF,0.299,0.0738
20,RF,0.308,0.0749
20,RF,0.317,0.0728
20,RF,0.326,0.0769
20,RF,0.335,0.0778
20,RF,0.344,0.0758
20,RF,0.353,0.0739
20,RF,0.362,0.072
20,RF,0.371,0.0703
20,RF,0.381,0.0739
20,RF,0.39,0.0722
20,RF,0.399,0.073
20,RF,0.408,0.0764
20,RF,0.417,0.0747
20,RF,0.426,0.0825
20,RF,0.435,0.0831
20,RF,0.444,0.0814
20,RF,0.453,0.0843
20,RF,0.462,0.087
20,RF,0.471,0.0917
20,RF,0.48,0.0921
20,RF,0.489,0.0924
20,RF,0.498,0.0948
20,RF,0.507,0.095
20,RF,0.516,0.0973
20,RF,0.525,0.1033
20,RF,0.534,0.109
20,RF,0.543,0.1091
20,RF,0.552,0.1091
20,RF,0.561,0.1109
20,RF,0.57,0.1109
20,RF,0.579,0.1144
20,RF,0.588,0.1143
20,RF,0.597,0.1143
20,RF,0.606,0.1209
20,RF,0.615,0.1223
20,RF,0.624,0.1238
20,RF,0.634,0.13
20,RF,0.643,0.1359
20,RF,0.652,0.1387
20,RF,0.661,0.1459
20,RF,0.67,0.1454
20,RF,0.679,0.1479
20,RF,0.688,0.1489
20,RF,0.697,0.1513
20,RF,0.706,0.1565
20,RF,0.715,0.1573
20,RF,0.724,0.1595
20,RF,0.733,0.1603
20,RF,0.742,0.1624
20,RF,0.751,0.1631
20,RF,0.76,0.1638
20,RF,0.769,0.1619
20,RF,0.778,0.16
20,RF,0.787,0.1658
20,RF,0.796,0.1665
20,RF,0.805,0.1683
20,RF,0.814,0.1677
20,RF,0.823,0.172
20,RF,0.832,0.1737
20,RF,0.841,0.1754
20,RF,0.85,0.1771
20,RF,0.859,0.1799
20,RF,0.868,0.178
20,RF,0.878,0.1796
20,RF,0.887,0.1823
20,RF,0.896,0.1872
20,RF,0.905,0.1898
20,RF,0.914,0.1934
20,RF,0.923,0.1937
20,RF,0.932,0.1994
20,RF,0.941,0.2038
20,RF,0.95,0.2082
20,RF,0.959,0.2115
20,RF,0.968,0.2127
20,RF,0.977,0.2158
20,RF,0.986,0.2179
20,RF,0.995,0.22
20,HGB,0.001,0.0
20,HGB,0.01,0.0
20,HGB,0.019,0.1053
20,HGB,0.028,0.0714
20,HGB,0.037,0.0811
20,HGB,0.046,0.087
20,HGB,0.055,0.1091
20,HGB,0.064,0.0938
20,HGB,0.073,0.0959
20,HGB,0.082,0.0976
20,HGB,0.091,0.0989
20,HGB,0.1,0.1
20,HGB,0.109,0.0917
20,HGB,0.118,0.0847
20,HGB,0.128,0.0866
20,HGB,0.137,0.0809
20,HGB,0.146,0.0759
20,HGB,0.155,0.0714
20,HGB,0.164,0.0675
20,HGB,0.173,0.064
20,HGB,0.182,0.0608
20,HGB,0.191,0.0579
20,HGB,0.2,0.0603
20,HGB,0.209,0.0625
20,HGB,0.218,0.0599
20,HGB,0.227,0.0575
20,HGB,0.236,0.0553
20,HGB,0.245,0.0533
20,HGB,0.254,0.0514
20,HGB,0.263,0.0496
20,HGB,0.272,0.048
20,HGB,0.281,0.05
20,HGB,0.29,0.0519
20,HGB,0.299,0.0537
20,HGB,0.308,0.0521
20,HGB,0.317,0.0506
20,HGB,0.326,0.0523
20,HGB,0.335,0.0509
20,HGB,0.344,0.0525
20,HGB,0.353,0.0597
20,HGB,0.362,0.0609
20,HGB,0.371,0.0622
20,HGB,0.381,0.0712
20,HGB,0.39,0.0799
20,HGB,0.399,0.0882
20,HGB,0.408,0.0887
20,HGB,0.417,0.0867
20,HGB,0.426,0.0896
20,HGB,0.435,0.0993
20,HGB,0.444,0.1018
20,HGB,0.453,0.1131
20,HGB,0.462,0.1174
20,HGB,0.471,0.1194
20,HGB,0.48,0.1213
20,HGB,0.489,0.1273
20,HGB,0.498,0.127
20,HGB,0.507,0.1327
20,HGB,0.516,0.1342
20,HGB,0.525,0.1358
20,HGB,0.534,0.1372
20,HGB,0.543,0.1349
20,HGB,0.552,0.1382
20,HGB,0.561,0.1413
20,HGB,0.57,0.1444
20,HGB,0.579,0.1438
20,HGB,0.588,0.1451
20,HGB,0.597,0.1429
20,HGB,0.606,0.1424
20,HGB,0.615,0.1436
20,HGB,0.624,0.1447
20,HGB,0.634,0.1458
20,HGB,0.643,0.1469
20,HGB,0.652,0.1495
20,HGB,0.661,0.1489
20,HGB,0.67,0.1484
20,HGB,0.679,0.1494
20,HGB,0.688,0.1518
20,HGB,0.697,0.1527
20,HGB,0.706,0.1565
20,HGB,0.715,0.1573
20,HGB,0.724,0.1609
20,HGB,0.733,0.1671
20,HGB,0.742,0.1691
20,HGB,0.751,0.1711
20,HGB,0.76,0.1731
20,HGB,0.769,0.1749
20,HGB,0.778,0.1781
20,HGB,0.787,0.1786
20,HGB,0.796,0.1765
20,HGB,0.805,0.1783
20,HGB,0.814,0.1788
20,HGB,0.823,0.1805
20,HGB,0.832,0.1834
20,HGB,0.841,0.1862
20,HGB,0.85,0.1889
20,HGB,0.859,0.1893
20,HGB,0.868,0.1908
20,HGB,0.878,0.1957
20,HGB,0.887,0.1993
20,HGB,0.896,0.204
20,HGB,0.905,0.2075
20,HGB,0.914,0.2077
20,HGB,0.923,0.2122
20,HGB,0.932,0.2134
20,HGB,0.941,0.2156
20,HGB,0.95,0.2199
20,HGB,0.959,0.2241
20,HGB,0.968,0.2282
20,HGB,0.977,0.2302
20,HGB,0.986,0.2332
20,HGB,0.995,0.2381
20,XGB,0.001,0.0
20,XGB,0.01,0.0
20,XGB,0.019,0.0
20,XGB,0.028,0.0
20,XGB,0.037,0.027
20,XGB,0.046,0.0217
20,XGB,0.055,0.0727
20,XGB,0.064,0.0781
20,XGB,0.073,0.0959
20,XGB,0.082,0.1098
20,XGB,0.091,0.0989
20,XGB,0.1,0.09
20,XGB,0.109,0.0917
20,XGB,0.118,0.0847
20,XGB,0.128,0.0866
20,XGB,0.137,0.0882
20,XGB,0.146,0.0828
20,XGB,0.155,0.0779
20,XGB,0.164,0.0736
20,XGB,0.173,0.0698
20,XGB,0.182,0.0663
20,XGB,0.191,0.0632
20,XGB,0.2,0.0603
20,XGB,0.209,0.0577
20,XGB,0.218,0.0599
20,XGB,0.227,0.0575
20,XGB,0.236,0.0553
20,XGB,0.245,0.0533
20,XGB,0.254,0.0553
20,XGB,0.263,0.0534
20,XGB,0.272,0.0517
20,XGB,0.281,0.05
20,XGB,0.29,0.0519
20,XGB,0.299,0.0537
20,XGB,0.308,0.0554
20,XGB,0.317,0.057
20,XGB,0.326,0.0554
20,XGB,0.335,0.0629
20,XGB,0.344,0.0641
20,XGB,0.353,0.0625
20,XGB,0.362,0.0637
20,XGB,0.371,0.0649
20,XGB,0.381,0.0633
20,XGB,0.39,0.0619
20,XGB,0.399,0.063
20,XGB,0.408,0.0714
20,XGB,0.417,0.0795
20,XGB,0.426,0.0802
20,XGB,0.435,0.0808
20,XGB,0.444,0.0837
20,XGB,0.453,0.0887
20,XGB,0.462,0.0891
20,XGB,0.471,0.0896
20,XGB,0.48,0.09
20,XGB,0.489,0.1006
20,XGB,0.498,0.1028
20,XGB,0.507,0.1069
20,XGB,0.516,0.1148
20,XGB,0.525,0.1185
20,XGB,0.534,0.1184
20,XGB,0.543,0.1238
20,XGB,0.552,0.1218
20,XGB,0.561,0.1288
20,XGB,0.57,0.1303
20,XGB,0.579,0.1352
20,XGB,0.588,0.1399
20,XGB,0.597,0.1412
20,XGB,0.606,0.144
20,XGB,0.615,0.1452
20,XGB,0.624,0.1447
20,XGB,0.634,0.1506
20,XGB,0.643,0.1484
20,XGB,0.652,0.1541
20,XGB,0.661,0.155
20,XGB,0.67,0.1544
20,XGB,0.679,0.1568
20,XGB,0.688,0.1591
20,XGB,0.697,0.1628
20,XGB,0.706,0.165
20,XGB,0.715,0.1685
20,XGB,0.724,0.172
20,XGB,0.733,0.1767
20,XGB,0.742,0.1759
20,XGB,0.751,0.1765
20,XGB,0.76,0.1797
20,XGB,0.769,0.1815
20,XGB,0.778,0.1845
20,XGB,0.787,0.1862
20,XGB,0.796,0.1904
20,XGB,0.805,0.192
20,XGB,0.814,0.1924
20,XGB,0.823,0.1951
20,XGB,0.832,0.1954
20,XGB,0.841,0.1933
20,XGB,0.85,0.196
20,XGB,0.859,0.1986
20,XGB,0.868,0.2
20,XGB,0.878,0.1991
20,XGB,0.887,0.2039
20,XGB,0.896,0.2096
20,XGB,0.905,0.212
20,XGB,0.914,0.2143
20,XGB,0.923,0.2165
20,XGB,0.932,0.2144
20,XGB,0.941,0.2177
20,XGB,0.95,0.2178
20,XGB,0.959,0.222
20,XGB,0.968,0.223
20,XGB,0.977,0.224
20,XGB,0.986,0.2261
20,XGB,0.995,0.2311
20,Persistence,0.001,0.0
20,Persistence,0.01,0.2
20,Persistence,0.019,0.1579
20,Persistence,0.028,0.1786
20,Persistence,0.037,0.2162
20,Persistence,0.046,0.1957
20,Persistence,0.055,0.1636
20,Persistence,0.064,0.1406
20,Persistence,0.073,0.137
20,Persistence,0.082,0.122
20,Persistence,0.091,0.1319
20,Persistence,0.1,0.15
20,Persistence,0.109,0.1468
20,Persistence,0.118,0.1441
20,Persistence,0.128,0.1339
20,Persistence,0.137,0.1397
20,Persistence,0.146,0.1379
20,Persistence,0.155,0.1364
20,Persistence,0.164,0.1288
20,Persistence,0.173,0.1337
20,Persistence,0.182,0.1326
20,Persistence,0.191,0.1263
20,Persistence,0.2,0.1206
20,Persistence,0.209,0.1202
20,Persistence,0.218,0.1198
20,Persistence,0.227,0.115
20,Persistence,0.236,0.1106
20,Persistence,0.245,0.1066
20,Persistence,0.254,0.1067
20,Persistence,0.263,0.1069
20,Persistence,0.272,0.1033
20,Persistence,0.281,0.1
20,Persistence,0.29,0.1003
20,Persistence,0.299,0.1007
20,Persistence,0.308,0.0977
20,Persistence,0.317,0.0949
20,Persistence,0.326,0.0923
20,Persistence,0.335,0.0928
20,Persistence,0.344,0.0904
20,Persistence,0.353,0.0966
20,Persistence,0.362,0.1025
20,Persistence,0.371,0.1
20,Persistence,0.381,0.1029
20,Persistence,0.39,0.1005
20,Persistence,0.399,0.0982
20,Persistence,0.408,0.0985
20,Persistence,0.417,0.0988
20,Persistence,0.426,0.1014
20,Persistence,0.435,0.1039
20,Persistence,0.444,0.1063
20,Persistence,0.453,0.1109
20,Persistence,0.462,0.113
20,Persistence,0.471,0.1151
20,Persistence,0.48,0.1192
20,Persistence,0.489,0.1294
20,Persistence,0.498,0.131
20,Persistence,0.507,0.1327
20,Persistence,0.516,0.1323
20,Persistence,0.525,0.1319
20,Persistence,0.534,0.1335
20,Persistence,0.543,0.1331
20,Persistence,0.552,0.1345
20,Persistence,0.561,0.1377
20,Persistence,0.57,0.1391
20,Persistence,0.579,0.1421
20,Persistence,0.588,0.1451
20,Persistence,0.597,0.1462
20,Persistence,0.606,0.144
20,Persistence,0.615,0.1436
20,Persistence,0.624,0.1447
20,Persistence,0.634,0.1474
20,Persistence,0.643,0.1469
20,Persistence,0.652,0.1479
20,Persistence,0.661,0.1489
20,Persistence,0.67,0.1499
20,Persistence,0.679,0.1509
20,Persistence,0.688,0.1504
20,Persistence,0.697,0.1542
20,Persistence,0.706,0.1579
20,Persistence,0.715,0.1615
20,Persistence,0.724,0.165
20,Persistence,0.733,0.1658
20,Persistence,0.742,0.1678
20,Persistence,0.751,0.1698
20,Persistence,0.76,0.1704
20,Persistence,0.769,0.1723
20,Persistence,0.778,0.1755
20,Persistence,0.787,0.176
20,Persistence,0.796,0.1791
20,Persistence,0.805,0.182
20,Persistence,0.814,0.1825
20,Persistence,0.823,0.1829
20,Persistence,0.832,0.1834
20,Persistence,0.841,0.1874
20,Persistence,0.85,0.1889
20,Persistence,0.859,0.1904
20,Persistence,0.868,0.1942
20,Persistence,0.878,0.1934
20,Persistence,0.887,0.1971
20,Persistence,0.896,0.1962
20,Persistence,0.905,0.1987
20,Persistence,0.914,0.2
20,Persistence,0.923,0.2035
20,Persistence,0.932,0.2069
20,Persistence,0.941,0.2092
20,Persistence,0.95,0.2093
20,Persistence,0.959,0.2136
20,Persistence,0.968,0.2178
20,Persistence,0.977,0.2189
20,Persistence,0.986,0.222
20,Persistence,0.995,0.2291
25,RF,0.001,0.0
25,RF,0.01,0.1
25,RF,0.019,0.1579
25,RF,0.028,0.1071
25,RF,0.037,0.1081
25,RF,0.046,0.087
25,RF,0.055,0.1818
25,RF,0.064,0.1719
25,RF,0.073,0.1507
25,RF,0.082,0.1341
25,RF,0.091,0.1209
25,RF,0.101,0.11
25,RF,0.11,0.1009
25,RF,0.119,0.0932
25,RF,0.128,0.0866
25,RF,0.137,0.0809
25,RF,0.146,0.0759
25,RF,0.155,0.0714
25,RF,0.164,0.0675
25,RF,0.173,0.064
25,RF,0.182,0.0663
25,RF,0.191,0.0684
25,RF,0.2,0.0653
25,RF,0.209,0.0625
25,RF,0.218,0.0599
25,RF,0.227,0.0708
25,RF,0.236,0.0766
25,RF,0.245,0.0902
25,RF,0.254,0.0909
25,RF,0.263,0.0878
25,RF,0.272,0.0959
25,RF,0.281,0.0929
25,RF,0.29,0.0934
25,RF,0.299,0.0906
25,RF,0.309,0.101
25,RF,0.318,0.1013
25,RF,0.327,0.1015
25,RF,0.336,0.0988
25,RF,0.345,0.0991
25,RF,0.354,0.1051
25,RF,0.363,0.1136
25,RF,0.372,0.1135
25,RF,0.381,0.1135
25,RF,0.39,0.1134
25,RF,0.399,0.1209
25,RF,0.408,0.1281
25,RF,0.417,0.1301
25,RF,0.426,0.1344
25,RF,0.435,0.1363
25,RF,0.444,0.138
25,RF,0.453,0.1463
25,RF,0.462,0.1522
25,RF,0.471,0.1535
25,RF,0.48,0.1527
25,RF,0.489,0.1499
25,RF,0.498,0.1512
25,RF,0.508,0.1485
25,RF,0.517,0.1479
25,RF,0.526,0.1453
25,RF,0.535,0.1447
25,RF,0.544,0.1423
25,RF,0.553,0.1436
25,RF,0.562,0.1413
25,RF,0.571,0.1391
25,RF,0.58,0.1369
25,RF,0.589,0.1416
25,RF,0.598,0.1479
25,RF,0.607,0.1573
25,RF,0.616,0.1615
25,RF,0.625,0.164
25,RF,0.634,0.1696
25,RF,0.643,0.1719
25,RF,0.652,0.171
25,RF,0.661,0.1702
25,RF,0.67,0.1694
25,RF,0.679,0.1672
25,RF,0.688,0.1664
25,RF,0.697,0.17
25,RF,0.707,0.1721
25,RF,0.716,0.1728
25,RF,0.725,0.1734
25,RF,0.734,0.1726
25,RF,0.743,0.1732
25,RF,0.752,0.1778
25,RF,0.761,0.177
25,RF,0.77,0.1762
25,RF,0.779,0.1781
25,RF,0.788,0.1862
25,RF,0.797,0.1904
25,RF,0.806,0.1933
25,RF,0.815,0.1985
25,RF,0.824,0.1988
25,RF,0.833,0.2014
25,RF,0.842,0.2088
25,RF,0.851,0.2102
25,RF,0.86,0.215
25,RF,0.869,0.2173
25,RF,0.878,0.2231
25,RF,0.887,0.222
25,RF,0.896,0.2197
25,RF,0.906,0.2175
25,RF,0.915,0.2176
25,RF,0.924,0.2209
25,RF,0.933,0.2231
25,RF,0.942,0.2273
25,RF,0.951,0.2336
25,RF,0.96,0.2335
25,RF,0.969,0.2324
25,RF,0.978,0.2312
25,RF,0.987,0.2342
25,RF,0.996,0.2361
25,HGB,0.001,0.0
25,HGB,0.01,0.1
25,HGB,0.019,0.0526
25,HGB,0.028,0.0714
25,HGB,0.037,0.0811
25,HGB,0.046,0.0652
25,HGB,0.055,0.0545
25,HGB,0.064,0.0469
25,HGB,0.073,0.0411
25,HGB,0.082,0.061
25,HGB,0.091,0.0549
25,HGB,0.101,0.05
25,HGB,0.11,0.0642
25,HGB,0.119,0.0593
25,HGB,0.128,0.0551
25,HGB,0.137,0.0662
25,HGB,0.146,0.069
25,HGB,0.155,0.0714
25,HGB,0.164,0.0736
25,HGB,0.173,0.0698
25,HGB,0.182,0.0663
25,HGB,0.191,0.0632
25,HGB,0.2,0.0653
25,HGB,0.209,0.0625
25,HGB,0.218,0.0645
25,HGB,0.227,0.0708
25,HGB,0.236,0.0766
25,HGB,0.245,0.0861
25,HGB,0.254,0.083
25,HGB,0.263,0.0878
25,HGB,0.272,0.0923
25,HGB,0.281,0.0929
25,HGB,0.29,0.0934
25,HGB,0.299,0.0906
25,HGB,0.309,0.1107
25,HGB,0.318,0.1139
25,HGB,0.327,0.1138
25,HGB,0.336,0.1108
25,HGB,0.345,0.1137
25,HGB,0.354,0.1165
25,HGB,0.363,0.1136
25,HGB,0.372,0.1189
25,HGB,0.381,0.1293
25,HGB,0.39,0.134
25,HGB,0.399,0.136
25,HGB,0.408,0.1379
25,HGB,0.417,0.1349
25,HGB,0.426,0.1344
25,HGB,0.435,0.1363
25,HGB,0.444,0.138
25,HGB,0.453,0.1441
25,HGB,0.462,0.1435
25,HGB,0.471,0.1429
25,HGB,0.48,0.1444
25,HGB,0.489,0.1458
25,HGB,0.498,0.1472
25,HGB,0.508,0.1505
25,HGB,0.517,0.1498
25,HGB,0.526,0.1491
25,HGB,0.535,0.1504
25,HGB,0.544,0.1516
25,HGB,0.553,0.1491
25,HGB,0.562,0.1521
25,HGB,0.571,0.1549
25,HGB,0.58,0.1525
25,HGB,0.589,0.1502
25,HGB,0.598,0.1529
25,HGB,0.607,0.154
25,HGB,0.616,0.155
25,HGB,0.625,0.1592
25,HGB,0.634,0.1664
25,HGB,0.643,0.1703
25,HGB,0.652,0.1726
25,HGB,0.661,0.1733
25,HGB,0.67,0.1754
25,HGB,0.679,0.1731
25,HGB,0.688,0.1737
25,HGB,0.697,0.1758
25,HGB,0.707,0.175
25,HGB,0.716,0.177
25,HGB,0.725,0.1748
25,HGB,0.734,0.1795
25,HGB,0.743,0.1827
25,HGB,0.752,0.1872
25,HGB,0.761,0.1889
25,HGB,0.77,0.1906
25,HGB,0.779,0.1987
25,HGB,0.788,0.2028
25,HGB,0.797,0.2068
25,HGB,0.806,0.2157
25,HGB,0.815,0.2207
25,HGB,0.824,0.2256
25,HGB,0.833,0.2304
25,HGB,0.842,0.2315
25,HGB,0.851,0.2349
25,HGB,0.86,0.2383
25,HGB,0.869,0.2439
25,HGB,0.878,0.2437
25,HGB,0.887,0.2503
25,HGB,0.896,0.2545
25,HGB,0.906,0.2597
25,HGB,0.915,0.2626
25,HGB,0.924,0.2666
25,HGB,0.933,0.2672
25,HGB,0.942,0.2679
25,HGB,0.951,0.2727
25,HGB,0.96,0.2733
25,HGB,0.969,0.2749
25,HGB,0.978,0.2775
25,HGB,0.987,0.279
25,HGB,0.996,0.2846
25,XGB,0.001,0.0
25,XGB,0.01,0.1
25,XGB,0.019,0.0526
25,XGB,0.028,0.1071
25,XGB,0.037,0.1081
25,XGB,0.046,0.087
25,XGB,0.055,0.0909
25,XGB,0.064,0.1406
25,XGB,0.073,0.137
25,XGB,0.082,0.1341
25,XGB,0.091,0.1209
25,XGB,0.101,0.11
25,XGB,0.11,0.1101
25,XGB,0.119,0.1017
25,XGB,0.128,0.1102
25,XGB,0.137,0.1029
25,XGB,0.146,0.1034
25,XGB,0.155,0.0974
25,XGB,0.164,0.092
25,XGB,0.173,0.1047
25,XGB,0.182,0.105
25,XGB,0.191,0.1263
25,XGB,0.2,0.1256
25,XGB,0.209,0.1202
25,XGB,0.218,0.1244
25,XGB,0.227,0.1195
25,XGB,0.236,0.1149
25,XGB,0.245,0.1107
25,XGB,0.254,0.1186
25,XGB,0.263,0.1145
25,XGB,0.272,0.1144
25,XGB,0.281,0.1107
25,XGB,0.29,0.1142
25,XGB,0.299,0.1208
25,XGB,0.309,0.127
25,XGB,0.318,0.1266
25,XGB,0.327,0.1323
25,XGB,0.336,0.1317
25,XGB,0.345,0.1312
25,XGB,0.354,0.1335
25,XGB,0.363,0.1357
25,XGB,0.372,0.1324
25,XGB,0.381,0.1346
25,XGB,0.39,0.1366
25,XGB,0.399,0.1385
25,XGB,0.408,0.1379
25,XGB,0.417,0.1349
25,XGB,0.426,0.1486
25,XGB,0.435,0.1478
25,XGB,0.444,0.1561
25,XGB,0.453,0.1619
25,XGB,0.462,0.1587
25,XGB,0.471,0.1557
25,XGB,0.48,0.1548
25,XGB,0.489,0.1602
25,XGB,0.498,0.1573
25,XGB,0.508,0.1545
25,XGB,0.517,0.1537
25,XGB,0.526,0.153
25,XGB,0.535,0.1523
25,XGB,0.544,0.1534
25,XGB,0.553,0.1509
25,XGB,0.562,0.1485
25,XGB,0.571,0.1496
25,XGB,0.58,0.1508
25,XGB,0.589,0.157
25,XGB,0.598,0.1597
25,XGB,0.607,0.1589
25,XGB,0.616,0.1631
25,XGB,0.625,0.1608
25,XGB,0.634,0.1601
25,XGB,0.643,0.1609
25,XGB,0.652,0.1633
25,XGB,0.661,0.1657
25,XGB,0.67,0.1664
25,XGB,0.679,0.1642
25,XGB,0.688,0.1679
25,XGB,0.697,0.1744
25,XGB,0.707,0.1792
25,XGB,0.716,0.177
25,XGB,0.725,0.1817
25,XGB,0.734,0.1877
25,XGB,0.743,0.1881
25,XGB,0.752,0.1898
25,XGB,0.761,0.1902
25,XGB,0.77,0.1919
25,XGB,0.779,0.2
25,XGB,0.788,0.2079
25,XGB,0.797,0.2131
25,XGB,0.806,0.2145
25,XGB,0.815,0.2158
25,XGB,0.824,0.2146
25,XGB,0.833,0.2135
25,XGB,0.842,0.216
25,XGB,0.851,0.2208
25,XGB,0.86,0.2255
25,XGB,0.869,0.2277
25,XGB,0.878,0.23
25,XGB,0.887,0.231
25,XGB,0.896,0.2332
25,XGB,0.906,0.2364
25,XGB,0.915,0.2374
25,XGB,0.924,0.2437
25,XGB,0.933,0.2468
25,XGB,0.942,0.2497
25,XGB,0.951,0.2474
25,XGB,0.96,0.2534
25,XGB,0.969,0.2583
25,XGB,0.978,0.258
25,XGB,0.987,0.2556
25,XGB,0.996,0.2563
25,Persistence,0.001,1.0
25,Persistence,0.01,0.7
25,Persistence,0.019,0.4211
25,Persistence,0.028,0.2857
25,Persistence,0.037,0.3243
25,Persistence,0.046,0.2609
25,Persistence,0.055,0.2364
25,Persistence,0.064,0.2188
25,Persistence,0.073,0.2192
25,Persistence,0.082,0.2317
25,Persistence,0.091,0.2418
25,Persistence,0.101,0.24
25,Persistence,0.11,0.2294
25,Persistence,0.119,0.2203
25,Persistence,0.128,0.2283
25,Persistence,0.137,0.2279
25,Persistence,0.146,0.2138
25,Persistence,0.155,0.2013
25,Persistence,0.164,0.1963
25,Persistence,0.173,0.1919
25,Persistence,0.182,0.1878
25,Persistence,0.191,0.1842
25,Persistence,0.2,0.1759
25,Persistence,0.209,0.1731
25,Persistence,0.218,0.1705
25,Persistence,0.227,0.1726
25,Persistence,0.236,0.166
25,Persistence,0.245,0.1639
25,Persistence,0.254,0.1621
25,Persistence,0.263,0.1641
25,Persistence,0.272,0.1587
25,Persistence,0.281,0.1607
25,Persistence,0.29,0.1557
25,Persistence,0.299,0.151
25,Persistence,0.309,0.1498
25,Persistence,0.318,0.1487
25,Persistence,0.327,0.1446
25,Persistence,0.336,0.1467
25,Persistence,0.345,0.1458
25,Persistence,0.354,0.1449
25,Persistence,0.363,0.1496
25,Persistence,0.372,0.1486
25,Persistence,0.381,0.153
25,Persistence,0.39,0.1521
25,Persistence,0.399,0.1537
25,Persistence,0.408,0.1576
25,Persistence,0.417,0.1614
25,Persistence,0.426,0.1627
25,Persistence,0.435,0.1663
25,Persistence,0.444,0.1697
25,Persistence,0.453,0.1729
25,Persistence,0.462,0.1739
25,Persistence,0.471,0.1706
25,Persistence,0.48,0.1695
25,Persistence,0.489,0.1745
25,Persistence,0.498,0.1774
25,Persistence,0.508,0.1782
25,Persistence,0.517,0.177
25,Persistence,0.526,0.174
25,Persistence,0.535,0.1729
25,Persistence,0.544,0.1774
25,Persistence,0.553,0.1782
25,Persistence,0.562,0.1825
25,Persistence,0.571,0.1813
25,Persistence,0.58,0.1872
25,Persistence,0.589,0.186
25,Persistence,0.598,0.1899
25,Persistence,0.607,0.1904
25,Persistence,0.616,0.1892
25,Persistence,0.625,0.1865
25,Persistence,0.634,0.187
25,Persistence,0.643,0.1844
25,Persistence,0.652,0.1849
25,Persistence,0.661,0.1869
25,Persistence,0.67,0.1874
25,Persistence,0.679,0.1864
25,Persistence,0.688,0.1854
25,Persistence,0.697,0.1888
25,Persistence,0.707,0.1935
25,Persistence,0.716,0.1938
25,Persistence,0.725,0.1942
25,Persistence,0.734,0.1959
25,Persistence,0.743,0.2003
25,Persistence,0.752,0.2005
25,Persistence,0.761,0.2021
25,Persistence,0.77,0.2037
25,Persistence,0.779,0.2052
25,Persistence,0.788,0.2054
25,Persistence,0.797,0.2081
25,Persistence,0.806,0.2145
25,Persistence,0.815,0.2145
25,Persistence,0.824,0.2134
25,Persistence,0.833,0.2147
25,Persistence,0.842,0.2208
25,Persistence,0.851,0.2208
25,Persistence,0.86,0.2243
25,Persistence,0.869,0.2231
25,Persistence,0.878,0.2243
25,Persistence,0.887,0.2276
25,Persistence,0.896,0.2287
25,Persistence,0.906,0.2309
25,Persistence,0.915,0.2297
25,Persistence,0.924,0.2318
25,Persistence,0.933,0.2349
25,Persistence,0.942,0.2369
25,Persistence,0.951,0.2389
25,Persistence,0.96,0.2429
25,Persistence,0.969,0.2459
25,Persistence,0.978,0.2456
25,Persistence,0.987,0.2495
25,Persistence,0.996,0.2553
