N,Episode_start,Episode_end,Covered_days
5,2022-08-15,2022-08-18,4
5,2023-02-02,2023-02-15,4
5,2023-04-27,2023-04-27,1
5,2023-05-17,2023-05-17,1
5,2023-10-12,2023-10-16,2
5,2024-07-26,2024-08-01,5
5,2024-08-26,2024-08-29,3
5,2024-09-26,2024-09-26,1
5,2024-12-11,2024-12-12,2
5,2025-02-20,2025-02-20,1
5,2025-03-27,2025-03-27,1
5,2025-06-06,2025-06-11,3
5,2025-07-25,2025-07-25,1
5,2025-10-03,2025-10-09,4
5,2026-01-12,2026-01-12,1
5,2026-01-29,2026-01-30,2
10,2022-08-15,2022-08-18,3
10,2023-02-07,2023-02-07,1
10,2023-04-20,2023-04-20,1
10,2023-10-05,2023-10-12,5
10,2024-07-19,2024-07-29,7
10,2024-08-19,2024-08-22,2
10,2024-09-23,2024-09-26,4
10,2024-12-04,2024-12-05,2
10,2025-02-12,2025-02-20,5
10,2025-06-03,2025-06-04,2
10,2025-07-18,2025-07-18,1
10,2025-09-26,2025-10-01,3
10,2025-11-03,2025-11-03,1
10,2026-01-05,2026-01-05,1
10,2026-01-22,2026-02-02,4
15,2022-08-16,2022-08-17,2
15,2023-04-13,2023-04-13,1
15,2023-09-28,2023-10-06,6
15,2024-07-12,2024-07-22,7
15,2024-09-20,2024-09-24,2
15,2025-02-07,2025-02-21,10
15,2025-03-24,2025-03-24,1
15,2025-07-11,2025-07-11,1
15,2025-09-19,2025-09-26,5
15,2025-10-30,2025-10-31,2
15,2025-12-26,2025-12-26,1
15,2026-01-14,2026-01-15,2
20,2023-09-21,2023-09-29,6
20,2024-07-05,2024-07-15,7
20,2025-09-12,2025-09-19,5
20,2026-01-07,2026-01-16,5
25,2023-09-14,2023-09-22,6
25,2024-06-27,2024-07-08,7
25,2024-07-29,2024-08-01,3
25,2025-09-05,2025-09-12,5
25,2026-01-07,2026-01-15,5
